d [mm];P_S1 [N];P_S2 [N];P_S3 [N]
0;0.6867;0.6867;0.6867
20;1.4715;1.2753;1.11834
40;1.6677;1.5696;1.51074
50;1.7658;1.7658;1.5696
60;1.962;1.962;1.7658
70;2.00124;2.0601;1.962
80;2.09934;2.1582;2.1582
90;2.2563;2.2563;2.31516
100;2.3544;2.4525;2.41326
110;2.5506;2.5506;2.5506
120;2.7468;2.68794;2.6487
130;2.943;2.8449;2.8449
